Algoritmo,Instancia,Run,Vehiculos,Distancia,Iter_Convergencia,Tiempo_s
CLASSIC,c101,1,10.0,828.937,25,4.63
CLASSIC,c101,10,10.0,828.937,43,4.636
CLASSIC,c101,2,10.0,828.937,36,4.576
CLASSIC,c101,3,10.0,828.937,76,4.765
CLASSIC,c101,4,10.0,828.937,40,4.684
CLASSIC,c101,5,10.0,828.937,170,4.601
CLASSIC,c101,6,10.0,828.937,153,4.474
CLASSIC,c101,7,10.0,828.937,183,4.614
CLASSIC,c101,8,10.0,828.937,54,4.575
CLASSIC,c101,9,10.0,828.937,177,4.582
CLASSIC,c102,1,10.0,828.937,502,5.619
CLASSIC,c102,10,10.0,828.937,122,5.328
CLASSIC,c102,2,10.0,828.937,15,5.304
CLASSIC,c102,3,10.0,828.937,23,5.817
CLASSIC,c102,4,10.0,828.937,115,5.339
CLASSIC,c102,5,10.0,828.937,92,5.551
CLASSIC,c102,6,10.0,828.937,137,5.753
CLASSIC,c102,7,10.0,828.937,402,5.336
CLASSIC,c102,8,10.0,828.937,160,5.738
CLASSIC,c102,9,10.0,828.937,153,5.303
CLASSIC,c103,1,10.0,828.065,42,6.314
CLASSIC,c103,10,10.0,828.065,296,6.058
CLASSIC,c103,2,10.0,828.065,379,6.378
CLASSIC,c103,3,10.0,828.065,1476,5.782
CLASSIC,c103,4,10.0,828.065,436,5.835
CLASSIC,c103,5,10.0,828.065,457,6.012
CLASSIC,c103,6,10.0,828.065,193,6.3
CLASSIC,c103,7,10.0,828.065,180,5.826
CLASSIC,c103,8,10.0,828.065,389,5.841
CLASSIC,c103,9,10.0,828.065,264,6.066
CLASSIC,c104,1,10.0,824.777,6272,6.31
CLASSIC,c104,10,10.0,824.777,5462,5.822
CLASSIC,c104,2,10.0,824.777,5920,6.202
CLASSIC,c104,3,10.0,824.777,5385,5.784
CLASSIC,c104,4,10.0,824.777,6625,5.683
CLASSIC,c104,5,10.0,824.777,5868,6.061
CLASSIC,c104,6,10.0,824.777,5503,5.984
CLASSIC,c104,7,10.0,824.777,6784,6.313
CLASSIC,c104,8,10.0,824.777,4954,5.758
CLASSIC,c104,9,10.0,824.777,5323,5.975
CLASSIC,c105,1,10.0,828.937,72,4.93
CLASSIC,c105,10,10.0,828.937,127,4.753
CLASSIC,c105,2,10.0,828.937,111,5.047
CLASSIC,c105,3,10.0,828.937,28,4.773
CLASSIC,c105,4,10.0,828.937,96,4.894
CLASSIC,c105,5,10.0,828.937,28,4.945
CLASSIC,c105,6,10.0,828.937,58,5.081
CLASSIC,c105,7,10.0,828.937,7,5.13
CLASSIC,c105,8,10.0,828.937,19,5.144
CLASSIC,c105,9,10.0,828.937,26,5.093
CLASSIC,c106,1,10.0,828.937,114,5.349
CLASSIC,c106,10,10.0,828.937,94,5.435
CLASSIC,c106,2,10.0,828.937,41,5.049
CLASSIC,c106,3,10.0,828.937,32,4.994
CLASSIC,c106,4,10.0,828.937,129,5.393
CLASSIC,c106,5,10.0,828.937,86,5.412
CLASSIC,c106,6,10.0,828.937,66,5.228
CLASSIC,c106,7,10.0,828.937,16,5.047
CLASSIC,c106,8,10.0,828.937,65,5.021
CLASSIC,c106,9,10.0,828.937,145,5.118
CLASSIC,c107,1,10.0,828.937,108,4.957
CLASSIC,c107,10,10.0,828.937,227,4.866
CLASSIC,c107,2,10.0,828.937,81,5.048
CLASSIC,c107,3,10.0,828.937,42,5.094
CLASSIC,c107,4,10.0,828.937,31,5.228
CLASSIC,c107,5,10.0,828.937,172,5.102
CLASSIC,c107,6,10.0,828.937,29,5.215
CLASSIC,c107,7,10.0,828.937,361,5.227
CLASSIC,c107,8,10.0,828.937,56,5.203
CLASSIC,c107,9,10.0,828.937,30,5.204
CLASSIC,c108,1,10.0,828.937,118,5.576
CLASSIC,c108,10,10.0,828.937,70,5.186
CLASSIC,c108,2,10.0,828.937,156,5.594
CLASSIC,c108,3,10.0,828.937,186,5.135
CLASSIC,c108,4,10.0,828.937,111,5.468
CLASSIC,c108,5,10.0,828.937,25,5.652
CLASSIC,c108,6,10.0,828.937,159,5.581
CLASSIC,c108,7,10.0,828.937,253,5.304
CLASSIC,c108,8,10.0,828.937,102,5.207
CLASSIC,c108,9,10.0,828.937,91,5.157
CLASSIC,c109,1,10.0,828.937,1598,5.311
CLASSIC,c109,10,10.0,828.937,4072,5.287
CLASSIC,c109,2,10.0,828.937,1080,5.739
CLASSIC,c109,3,10.0,828.937,96,5.276
CLASSIC,c109,4,10.0,828.937,88,5.274
CLASSIC,c109,5,10.0,828.937,878,5.244
CLASSIC,c109,6,10.0,828.937,1073,5.243
CLASSIC,c109,7,10.0,828.937,2743,5.301
CLASSIC,c109,8,10.0,828.937,2292,5.352
CLASSIC,c109,9,10.0,828.937,2934,5.835
CLASSIC,c201,1,3.0,591.557,21,4.846
CLASSIC,c201,10,3.0,591.557,39,4.57
CLASSIC,c201,2,3.0,591.557,82,4.542
CLASSIC,c201,3,3.0,591.557,42,4.909
CLASSIC,c201,4,3.0,591.557,29,4.549
CLASSIC,c201,5,3.0,591.557,20,4.737
CLASSIC,c201,6,3.0,591.557,17,4.561
CLASSIC,c201,7,3.0,591.557,7,4.524
CLASSIC,c201,8,3.0,591.557,32,4.685
CLASSIC,c201,9,3.0,591.557,7,4.737
CLASSIC,c202,1,3.0,591.557,59,5.395
CLASSIC,c202,10,3.0,591.557,80,5.411
CLASSIC,c202,2,3.0,591.557,43,5.482
CLASSIC,c202,3,3.0,591.557,115,5.384
CLASSIC,c202,4,3.0,591.557,25,5.395
CLASSIC,c202,5,3.0,591.557,12,5.472
CLASSIC,c202,6,3.0,591.557,30,5.927
CLASSIC,c202,7,3.0,591.557,21,5.927
CLASSIC,c202,8,3.0,591.557,36,5.373
CLASSIC,c202,9,3.0,591.557,2974,5.803
CLASSIC,c203,1,3.0,591.173,42,5.792
CLASSIC,c203,10,3.0,591.173,414,5.821
CLASSIC,c203,2,3.0,591.173,133,5.767
CLASSIC,c203,3,3.0,591.173,333,5.756
CLASSIC,c203,4,3.0,591.173,228,6.087
CLASSIC,c203,5,3.0,591.173,84,5.772
CLASSIC,c203,6,3.0,591.173,205,5.71
CLASSIC,c203,7,3.0,591.173,277,6.057
CLASSIC,c203,8,3.0,670.834,4891,6.411
CLASSIC,c203,9,3.0,591.173,119,5.756
CLASSIC,c204,1,3.0,590.599,1846,6.559
CLASSIC,c204,10,3.0,590.599,3345,5.976
CLASSIC,c204,2,3.0,590.599,208,5.916
CLASSIC,c204,3,3.0,590.599,149,6.23
CLASSIC,c204,4,3.0,590.599,2736,6.132
CLASSIC,c204,5,3.0,590.599,2599,6.552
CLASSIC,c204,6,3.0,590.599,3210,5.97
CLASSIC,c204,7,3.0,590.599,2562,6.246
CLASSIC,c204,8,3.0,590.599,6088,5.91
CLASSIC,c204,9,3.0,590.599,3958,6.628
CLASSIC,c205,1,3.0,588.876,28,4.132
CLASSIC,c205,10,3.0,588.876,26,4.188
CLASSIC,c205,2,3.0,588.876,47,4.206
CLASSIC,c205,3,3.0,588.876,33,4.155
CLASSIC,c205,4,3.0,588.876,32,4.332
CLASSIC,c205,5,3.0,588.876,146,4.327
CLASSIC,c205,6,3.0,588.876,193,4.139
CLASSIC,c205,7,3.0,588.876,227,4.142
CLASSIC,c205,8,3.0,588.876,3704,4.215
CLASSIC,c205,9,3.0,588.876,26,4.136
CLASSIC,c206,1,3.0,588.493,7869,4.645
CLASSIC,c206,10,3.0,588.493,93,4.33
CLASSIC,c206,2,3.0,588.493,45,4.435
CLASSIC,c206,3,3.0,588.493,220,4.486
CLASSIC,c206,4,3.0,588.493,65,4.326
CLASSIC,c206,5,3.0,588.493,14,4.368
CLASSIC,c206,6,3.0,588.493,30,4.37
CLASSIC,c206,7,3.0,588.493,60,4.374
CLASSIC,c206,8,3.0,588.493,21,4.407
CLASSIC,c206,9,3.0,588.493,176,4.324
CLASSIC,c207,1,3.0,588.286,65,4.516
CLASSIC,c207,10,3.0,588.286,316,4.698
CLASSIC,c207,2,3.0,588.286,81,4.523
CLASSIC,c207,3,3.0,588.286,145,4.732
CLASSIC,c207,4,3.0,588.286,548,4.517
CLASSIC,c207,5,3.0,588.286,41,4.5
CLASSIC,c207,6,3.0,588.286,198,4.539
CLASSIC,c207,7,3.0,588.286,239,4.508
CLASSIC,c207,8,3.0,588.286,354,4.771
CLASSIC,c207,9,3.0,588.286,72,4.529
CLASSIC,c208,1,3.0,588.324,107,4.583
CLASSIC,c208,10,3.0,588.324,47,4.336
CLASSIC,c208,2,3.0,588.324,165,4.39
CLASSIC,c208,3,3.0,588.324,86,4.408
CLASSIC,c208,4,3.0,588.324,400,4.648
CLASSIC,c208,5,3.0,588.324,24,4.525
CLASSIC,c208,6,3.0,588.324,106,4.347
CLASSIC,c208,7,3.0,588.324,106,4.378
CLASSIC,c208,8,3.0,588.324,71,4.564
CLASSIC,c208,9,3.0,588.324,58,4.769
CLASSIC,r101,1,19.0,1650.8,15674,6.295
CLASSIC,r101,10,19.0,1650.8,11050,6.604
CLASSIC,r101,2,19.0,1651.01,14419,6.139
CLASSIC,r101,3,19.0,1651.01,15608,6.462
CLASSIC,r101,4,19.0,1650.8,15086,6.564
CLASSIC,r101,5,19.0,1651.01,16010,6.356
CLASSIC,r101,6,19.0,1651.01,15747,6.102
CLASSIC,r101,7,19.0,1651.01,16500,6.041
CLASSIC,r101,8,19.0,1651.01,13943,6.133
CLASSIC,r101,9,19.0,1651.01,15333,6.404
CLASSIC,r102,1,17.0,1487.6,7272,7.088
CLASSIC,r102,10,17.0,1486.12,9026,7.255
CLASSIC,r102,2,17.0,1486.12,15315,7.227
CLASSIC,r102,3,17.0,1487.31,9138,7.51
CLASSIC,r102,4,17.0,1489.4,9599,7.109
CLASSIC,r102,5,17.0,1486.12,11974,7.29
CLASSIC,r102,6,17.0,1487.31,8201,7.148
CLASSIC,r102,7,17.0,1487.31,9808,7.759
CLASSIC,r102,8,17.0,1487.31,8658,7.889
CLASSIC,r102,9,17.0,1487.31,19849,7.246
CLASSIC,r103,1,14.0,1213.73,8840,7.404
CLASSIC,r103,10,14.0,1217.49,8576,7.553
CLASSIC,r103,2,14.0,1213.62,9760,7.112
CLASSIC,r103,3,14.0,1217.49,9571,7.23
CLASSIC,r103,4,14.0,1213.62,6967,7.375
CLASSIC,r103,5,14.0,1213.62,12440,7.044
CLASSIC,r103,6,14.0,1213.73,5545,7.11
CLASSIC,r103,7,14.0,1213.62,9838,7.11
CLASSIC,r103,8,14.0,1213.62,6622,7.603
CLASSIC,r103,9,14.0,1213.62,9721,7.523
CLASSIC,r104,1,10.0,982.547,12836,6.562
CLASSIC,r104,10,10.0,986.718,4629,6.895
CLASSIC,r104,2,10.0,981.232,8486,6.686
CLASSIC,r104,3,10.0,981.232,10163,6.638
CLASSIC,r104,4,10.0,986.819,7443,8.027
CLASSIC,r104,5,10.0,988.71,9624,7.79
CLASSIC,r104,6,10.0,982.547,8677,6.58
CLASSIC,r104,7,10.0,982.547,8899,6.584
CLASSIC,r104,8,10.0,981.232,6666,6.689
CLASSIC,r104,9,10.0,986.819,9162,7.151
CLASSIC,r105,1,14.0,1400.57,8004,5.728
CLASSIC,r105,10,14.0,1389.57,13160,5.747
CLASSIC,r105,2,14.0,1381.89,6989,6.032
CLASSIC,r105,3,14.0,1381.37,12701,5.522
CLASSIC,r105,4,14.0,1381.89,5687,5.577
CLASSIC,r105,5,14.0,1378.78,8983,5.889
CLASSIC,r105,6,14.0,1387.37,16687,5.821
CLASSIC,r105,7,14.0,1377.11,7341,5.747
CLASSIC,r105,8,14.0,1377.11,15524,5.645
CLASSIC,r105,9,14.0,1387.14,8368,5.719
CLASSIC,r106,1,12.0,1252.03,6244,7.202
CLASSIC,r106,10,12.0,1259.71,7217,7.11
CLASSIC,r106,2,12.0,1259.71,1733,6.979
CLASSIC,r106,3,12.0,1260.04,11627,7.325
CLASSIC,r106,4,12.0,1258.31,9178,7.308
CLASSIC,r106,5,12.0,1261.67,20052,7.017
CLASSIC,r106,6,12.0,1263.61,11228,7.12
CLASSIC,r106,7,12.0,1265.07,6652,7.584
CLASSIC,r106,8,12.0,1265.44,15891,7.023
CLASSIC,r106,9,12.0,1263.61,11607,6.989
CLASSIC,r107,1,11.0,1076.6,8810,7.147
CLASSIC,r107,10,11.0,1077.83,11509,7.282
CLASSIC,r107,2,11.0,1078.54,13230,7.332
CLASSIC,r107,3,11.0,1073.91,9715,7.721
CLASSIC,r107,4,11.0,1075.21,10089,6.756
CLASSIC,r107,5,11.0,1075.45,9831,6.796
CLASSIC,r107,6,11.0,1073.91,14333,7.081
CLASSIC,r107,7,11.0,1073.01,11353,6.759
CLASSIC,r107,8,11.0,1077.47,6181,6.849
CLASSIC,r107,9,11.0,1086.98,12500,6.842
CLASSIC,r108,1,10.0,946.422,7142,6.744
CLASSIC,r108,10,10.0,952.893,4988,6.74
CLASSIC,r108,2,10.0,944.498,24003,6.468
CLASSIC,r108,3,10.0,954.202,9313,6.945
CLASSIC,r108,4,10.0,944.441,7949,6.954
CLASSIC,r108,5,10.0,941.077,10023,6.33
CLASSIC,r108,6,10.0,950.025,10178,6.578
CLASSIC,r108,7,10.0,952.86,21765,6.349
CLASSIC,r108,8,10.0,951.023,7890,6.878
CLASSIC,r108,9,10.0,946.422,10259,6.933
CLASSIC,r109,1,12.0,1157.04,7875,5.512
CLASSIC,r109,10,12.0,1155.72,8914,5.427
CLASSIC,r109,2,12.0,1154.55,7389,5.598
CLASSIC,r109,3,12.0,1153.89,17191,6.041
CLASSIC,r109,4,12.0,1153.46,4668,5.632
CLASSIC,r109,5,12.0,1154.59,5133,6.033
CLASSIC,r109,6,12.0,1153.89,22988,6.085
CLASSIC,r109,7,12.0,1154.04,10281,5.619
CLASSIC,r109,8,12.0,1153.89,19072,5.895
CLASSIC,r109,9,12.0,1153.02,9860,5.745
CLASSIC,r110,1,11.0,1092.79,9869,6.85
CLASSIC,r110,10,11.0,1084.84,5956,6.65
CLASSIC,r110,2,11.0,1080.64,11714,6.689
CLASSIC,r110,3,11.0,1085.27,11334,7.301
CLASSIC,r110,4,11.0,1083.12,5940,7.21
CLASSIC,r110,5,11.0,1085.81,16981,7.412
CLASSIC,r110,6,11.0,1092.58,11307,7.215
CLASSIC,r110,7,11.0,1093.31,14798,7.021
CLASSIC,r110,8,11.0,1102.05,3614,6.762
CLASSIC,r110,9,11.0,1106.28,10133,6.395
CLASSIC,r111,1,11.0,1054.23,7797,6.759
CLASSIC,r111,10,11.0,1059.72,3299,6.38
CLASSIC,r111,2,11.0,1054.23,13556,6.622
CLASSIC,r111,3,11.0,1054.23,10016,7.119
CLASSIC,r111,4,11.0,1054.23,8978,7.009
CLASSIC,r111,5,11.0,1062.29,5787,7.138
CLASSIC,r111,6,11.0,1054.23,10903,6.789
CLASSIC,r111,7,11.0,1057.78,7262,7.106
CLASSIC,r111,8,11.0,1063.31,4003,6.525
CLASSIC,r111,9,11.0,1059.66,4385,6.907
CLASSIC,r112,1,10.0,960.227,5071,6.967
CLASSIC,r112,10,10.0,953.634,5573,7.109
CLASSIC,r112,2,10.0,971.407,3732,7.289
CLASSIC,r112,3,10.0,959.552,7381,7.063
CLASSIC,r112,4,10.0,981.519,4568,6.582
CLASSIC,r112,5,10.0,955.73,19524,6.875
CLASSIC,r112,6,10.0,969.706,8298,7.282
CLASSIC,r112,7,10.0,958.728,21872,6.805
CLASSIC,r112,8,10.0,962.827,11474,7.132
CLASSIC,r112,9,10.0,953.684,9223,6.538
CLASSIC,r201,1,4.0,1271.29,5140,5.132
CLASSIC,r201,10,4.0,1261.58,5864,4.987
CLASSIC,r201,2,4.0,1261.58,7602,4.962
CLASSIC,r201,3,4.0,1285.54,2213,5.413
CLASSIC,r201,4,4.0,1257.43,945,5.044
CLASSIC,r201,5,4.0,1261.58,5007,5.242
CLASSIC,r201,6,4.0,1254.69,2881,5.102
CLASSIC,r201,7,4.0,1266.9,7260,5.542
CLASSIC,r201,8,4.0,1266.11,10073,4.986
CLASSIC,r201,9,4.0,1276.63,5831,5.355
CLASSIC,r202,1,4.0,1093.98,3138,5.867
CLASSIC,r202,10,4.0,1082.46,9297,5.86
CLASSIC,r202,2,4.0,1087.52,5850,6.027
CLASSIC,r202,3,4.0,1081.32,5611,5.639
CLASSIC,r202,4,4.0,1079.39,9696,5.893
CLASSIC,r202,5,4.0,1090.31,1545,6.281
CLASSIC,r202,6,4.0,1087.81,7213,5.745
CLASSIC,r202,7,4.0,1086.94,6819,6.088
CLASSIC,r202,8,4.0,1082.75,20823,5.845
CLASSIC,r202,9,4.0,1079.39,7586,6.253
CLASSIC,r203,1,3.0,951.443,17341,6.272
CLASSIC,r203,10,3.0,959.085,6104,6.148
CLASSIC,r203,2,3.0,952.381,13572,6.622
CLASSIC,r203,3,3.0,950.438,12745,5.949
CLASSIC,r203,4,3.0,971.52,1492,6.266
CLASSIC,r203,5,3.0,978.831,7995,5.941
CLASSIC,r203,6,3.0,941.642,4896,6.739
CLASSIC,r203,7,3.0,941.642,4514,6.641
CLASSIC,r203,8,3.0,946.624,8324,6.721
CLASSIC,r203,9,3.0,946.624,8552,6.628
CLASSIC,r204,1,3.0,771.863,3291,6.178
CLASSIC,r204,10,3.0,757.305,640,6.931
CLASSIC,r204,2,3.0,749.417,11992,6.193
CLASSIC,r204,3,3.0,763.068,16236,6.487
CLASSIC,r204,4,3.0,758.577,10681,6.588
CLASSIC,r204,5,3.0,759.42,23347,6.857
CLASSIC,r204,6,3.0,760.018,6548,6.793
CLASSIC,r204,7,3.0,749.417,6685,6.167
CLASSIC,r204,8,3.0,749.417,11068,6.478
CLASSIC,r204,9,3.0,762.706,5984,6.597
CLASSIC,r205,1,3.0,1025.16,6620,5.188
CLASSIC,r205,10,3.0,1028.67,21863,5.323
CLASSIC,r205,2,3.0,1010.81,2299,5.366
CLASSIC,r205,3,3.0,1028.32,6746,5.123
CLASSIC,r205,4,3.0,1029.7,8530,5.158
CLASSIC,r205,5,3.0,1025.66,1820,5.645
CLASSIC,r205,6,3.0,1016.89,9587,5.395
CLASSIC,r205,7,3.0,1029.03,17684,5.134
CLASSIC,r205,8,3.0,1032.22,7704,5.142
CLASSIC,r205,9,3.0,1030.84,4955,5.285
CLASSIC,r206,1,3.0,927.733,4728,5.613
CLASSIC,r206,10,3.0,939.105,6622,5.555
CLASSIC,r206,2,3.0,932.104,4690,5.502
CLASSIC,r206,3,3.0,913.184,3539,5.722
CLASSIC,r206,4,3.0,913.357,5081,5.924
CLASSIC,r206,5,3.0,912.931,3840,6.117
CLASSIC,r206,6,3.0,931.677,8723,5.637
CLASSIC,r206,7,3.0,937.966,11643,6.165
CLASSIC,r206,8,3.0,926.756,16576,6.019
CLASSIC,r206,9,3.0,906.142,4392,5.812
CLASSIC,r207,1,3.0,831.961,5248,6.084
CLASSIC,r207,10,3.0,832.999,6881,5.966
CLASSIC,r207,2,3.0,859.797,12738,6.947
CLASSIC,r207,3,3.0,820.109,2662,6.049
CLASSIC,r207,4,3.0,822.722,1237,6.217
CLASSIC,r207,5,3.0,814.987,4013,6.265
CLASSIC,r207,6,3.0,814.987,1896,6.714
CLASSIC,r207,7,3.0,833.465,544,6.859
CLASSIC,r207,8,3.0,821.62,3930,6.551
CLASSIC,r207,9,3.0,826.634,2878,6.418
CLASSIC,r208,1,2.0,735.202,7090,6.642
CLASSIC,r208,10,2.0,726.823,8536,6.102
CLASSIC,r208,2,2.0,749.69,1031,6.327
CLASSIC,r208,3,2.0,732.153,2757,5.904
CLASSIC,r208,4,2.0,744.347,875,6.653
CLASSIC,r208,5,3.0,707.017,12283,6.207
CLASSIC,r208,6,3.0,720.101,6868,5.91
CLASSIC,r208,7,2.0,733.182,8359,5.981
CLASSIC,r208,8,2.0,727.687,5215,6.162
CLASSIC,r208,9,3.0,706.864,16832,5.961
CLASSIC,r209,1,3.0,928.561,6310,5.858
CLASSIC,r209,10,3.0,929.504,5688,5.939
CLASSIC,r209,2,3.0,916.568,4881,5.68
CLASSIC,r209,3,3.0,927.872,8578,5.813
CLASSIC,r209,4,3.0,944.362,6764,5.948
CLASSIC,r209,5,3.0,929.237,3406,5.965
CLASSIC,r209,6,3.0,917.336,8875,5.732
CLASSIC,r209,7,3.0,922.924,2233,5.866
CLASSIC,r209,8,3.0,938.345,6486,5.845
CLASSIC,r209,9,3.0,935.481,369,5.721
CLASSIC,r210,1,3.0,967.08,3447,5.673
CLASSIC,r210,10,3.0,967.36,2894,5.836
CLASSIC,r210,2,3.0,956.074,4322,6.434
CLASSIC,r210,3,3.0,958.566,8499,5.948
CLASSIC,r210,4,3.0,959.843,6806,6.067
CLASSIC,r210,5,3.0,965.111,8334,6.257
CLASSIC,r210,6,3.0,963.225,3746,6.494
CLASSIC,r210,7,3.0,966.873,10131,6.534
CLASSIC,r210,8,3.0,968.472,7134,5.781
CLASSIC,r210,9,3.0,971.801,8722,6.242
CLASSIC,r211,1,3.0,772.069,21772,6.42
CLASSIC,r211,10,3.0,782.083,6262,6.423
CLASSIC,r211,2,3.0,815.466,2257,5.988
CLASSIC,r211,3,3.0,773.562,6450,6.109
CLASSIC,r211,4,3.0,767.818,5200,6.566
CLASSIC,r211,5,3.0,799.082,8354,6.319
CLASSIC,r211,6,3.0,812.094,5071,6.217
CLASSIC,r211,7,3.0,772.069,7618,5.927
CLASSIC,r211,8,3.0,788.752,6472,6.084
CLASSIC,r211,9,3.0,792.436,264,6.212
CLASSIC,rc101,1,15.0,1631.34,4275,5.85
CLASSIC,rc101,10,15.0,1632.49,9413,6.015
CLASSIC,rc101,2,15.0,1631.34,10001,5.32
CLASSIC,rc101,3,15.0,1631.34,5461,5.997
CLASSIC,rc101,4,15.0,1642.86,4128,5.476
CLASSIC,rc101,5,15.0,1637.54,3987,5.655
CLASSIC,rc101,6,15.0,1631.34,8692,5.49
CLASSIC,rc101,7,15.0,1641.2,12511,5.756
CLASSIC,rc101,8,15.0,1645.52,2408,5.921
CLASSIC,rc101,9,15.0,1639.3,6511,6.049
CLASSIC,rc102,1,13.0,1495.59,9223,7.303
CLASSIC,rc102,10,13.0,1509.88,7717,6.458
CLASSIC,rc102,2,13.0,1488.37,9843,7.116
CLASSIC,rc102,3,13.0,1484.97,14115,6.819
CLASSIC,rc102,4,13.0,1493.09,19602,7.009
CLASSIC,rc102,5,13.0,1488.37,14635,7.083
CLASSIC,rc102,6,13.0,1484.97,17296,6.443
CLASSIC,rc102,7,14.0,1468.76,5959,7.033
CLASSIC,rc102,8,13.0,1486.52,18913,6.267
CLASSIC,rc102,9,13.0,1492.99,9325,6.363
CLASSIC,rc103,1,11.0,1312.2,8486,6.867
CLASSIC,rc103,10,11.0,1274.16,16876,7.367
CLASSIC,rc103,2,11.0,1268.67,11981,7.085
CLASSIC,rc103,3,11.0,1265.18,14156,7.351
CLASSIC,rc103,4,12.0,1283.66,13063,7.006
CLASSIC,rc103,5,12.0,1285.42,8768,7.438
CLASSIC,rc103,6,11.0,1270.72,13730,6.966
CLASSIC,rc103,7,11.0,1281.72,10289,7.748
CLASSIC,rc103,8,11.0,1283.15,24737,6.966
CLASSIC,rc103,9,11.0,1349.38,13715,6.861
CLASSIC,rc104,1,10.0,1151.81,5877,7.367
CLASSIC,rc104,10,10.0,1139.5,15149,6.866
CLASSIC,rc104,2,10.0,1136.27,10069,6.529
CLASSIC,rc104,3,10.0,1139.5,10138,7.099
CLASSIC,rc104,4,10.0,1138.34,11119,7.14
CLASSIC,rc104,5,10.0,1161.15,4909,6.215
CLASSIC,rc104,6,10.0,1139.61,8155,6.548
CLASSIC,rc104,7,10.0,1159.83,10158,7.072
CLASSIC,rc104,8,10.0,1146.68,22190,7.162
CLASSIC,rc104,9,10.0,1135.52,11171,6.453
CLASSIC,rc105,1,14.0,1552.52,4879,6.719
CLASSIC,rc105,10,14.0,1540.18,19466,6.248
CLASSIC,rc105,2,14.0,1552.05,17262,6.383
CLASSIC,rc105,3,14.0,1546.08,5245,6.883
CLASSIC,rc105,4,14.0,1542.27,15137,6.544
CLASSIC,rc105,5,14.0,1546.63,6751,6.464
CLASSIC,rc105,6,14.0,1543.58,2384,6.566
CLASSIC,rc105,7,14.0,1554.14,13372,6.313
CLASSIC,rc105,8,14.0,1558.32,5578,6.251
CLASSIC,rc105,9,14.0,1547.39,4497,6.915
CLASSIC,rc106,1,12.0,1398.26,24478,5.577
CLASSIC,rc106,10,13.0,1398.24,9800,5.971
CLASSIC,rc106,2,12.0,1405.19,13511,5.644
CLASSIC,rc106,3,12.0,1387.74,11127,5.657
CLASSIC,rc106,4,12.0,1385.92,6295,5.187
CLASSIC,rc106,5,12.0,1395.7,10400,5.23
CLASSIC,rc106,6,12.0,1385.92,22658,5.46
CLASSIC,rc106,7,12.0,1388.96,9551,5.254
CLASSIC,rc106,8,12.0,1385.92,13167,5.129
CLASSIC,rc106,9,12.0,1410.55,6424,5.717
CLASSIC,rc107,1,11.0,1237.97,23340,6.954
CLASSIC,rc107,10,12.0,1252.12,8878,6.94
CLASSIC,rc107,2,11.0,1239.01,13771,6.699
CLASSIC,rc107,3,11.0,1233.21,11425,6.718
CLASSIC,rc107,4,11.0,1252.07,13999,6.736
CLASSIC,rc107,5,11.0,1248.84,11192,6.312
CLASSIC,rc107,6,12.0,1237.42,14784,6.355
CLASSIC,rc107,7,11.0,1244.19,15429,6.503
CLASSIC,rc107,8,11.0,1257.66,18868,6.855
CLASSIC,rc107,9,11.0,1243.67,8787,6.661
CLASSIC,rc108,1,11.0,1117.53,10689,6.6
CLASSIC,rc108,10,10.0,1147.26,9575,6.726
CLASSIC,rc108,2,10.0,1147.26,14495,6.627
CLASSIC,rc108,3,11.0,1139.29,9771,6.988
CLASSIC,rc108,4,11.0,1133.25,15433,7.039
CLASSIC,rc108,5,10.0,1139.82,14987,7.459
CLASSIC,rc108,6,11.0,1135.43,9474,6.717
CLASSIC,rc108,7,11.0,1133.25,22425,6.688
CLASSIC,rc108,8,10.0,1147.26,17606,6.407
CLASSIC,rc108,9,11.0,1118.57,10067,6.527
CLASSIC,rc201,1,4.0,1429.92,20653,5.152
CLASSIC,rc201,10,4.0,1425.87,2122,4.859
CLASSIC,rc201,2,4.0,1463.43,3490,5.082
CLASSIC,rc201,3,4.0,1415.29,1948,4.691
CLASSIC,rc201,4,4.0,1466.66,9217,5.422
CLASSIC,rc201,5,4.0,1433.55,13908,4.98
CLASSIC,rc201,6,4.0,1445.06,9962,5.023
CLASSIC,rc201,7,4.0,1431.39,7196,4.914
CLASSIC,rc201,8,4.0,1436.0,4616,4.897
CLASSIC,rc201,9,4.0,1425.49,3424,5.05
CLASSIC,rc202,1,4.0,1237.2,13285,5.72
CLASSIC,rc202,10,4.0,1173.65,2823,5.691
CLASSIC,rc202,2,4.0,1213.94,527,5.593
CLASSIC,rc202,3,4.0,1173.03,8510,6.045
CLASSIC,rc202,4,4.0,1222.07,6535,6.146
CLASSIC,rc202,5,4.0,1162.8,5611,5.448
CLASSIC,rc202,6,4.0,1214.96,3307,6.159
CLASSIC,rc202,7,4.0,1192.32,3634,5.734
CLASSIC,rc202,8,4.0,1178.57,581,5.677
CLASSIC,rc202,9,4.0,1221.11,1649,5.632
CLASSIC,rc203,1,4.0,962.656,1822,6.756
CLASSIC,rc203,10,3.0,1101.52,4176,6.308
CLASSIC,rc203,2,3.0,1071.91,8993,6.038
CLASSIC,rc203,3,4.0,947.617,16504,6.948
CLASSIC,rc203,4,4.0,947.617,7049,6.743
CLASSIC,rc203,5,3.0,1068.6,7367,6.637
CLASSIC,rc203,6,4.0,956.55,4573,6.441
CLASSIC,rc203,7,4.0,947.617,16962,6.36
CLASSIC,rc203,8,4.0,967.197,7786,6.378
CLASSIC,rc203,9,4.0,975.201,3050,6.98
CLASSIC,rc204,1,3.0,798.607,6305,6.431
CLASSIC,rc204,10,3.0,803.774,6416,6.445
CLASSIC,rc204,2,3.0,803.774,3482,6.251
CLASSIC,rc204,3,3.0,816.327,4716,5.882
CLASSIC,rc204,4,3.0,798.464,10126,6.477
CLASSIC,rc204,5,3.0,827.402,6510,6.28
CLASSIC,rc204,6,3.0,825.026,212,5.921
CLASSIC,rc204,7,3.0,803.774,6565,5.951
CLASSIC,rc204,8,3.0,798.464,9586,6.44
CLASSIC,rc204,9,3.0,799.156,6459,5.915
CLASSIC,rc205,1,4.0,1325.58,12103,6.191
CLASSIC,rc205,10,4.0,1318.09,6375,5.615
CLASSIC,rc205,2,4.0,1355.75,9095,5.978
CLASSIC,rc205,3,4.0,1328.28,2682,5.656
CLASSIC,rc205,4,4.0,1327.71,5717,5.893
CLASSIC,rc205,5,4.0,1329.61,2207,5.959
CLASSIC,rc205,6,4.0,1345.79,4152,5.809
CLASSIC,rc205,7,4.0,1353.59,9388,5.669
CLASSIC,rc205,8,4.0,1353.93,5226,5.514
CLASSIC,rc205,9,4.0,1337.04,8614,5.598
CLASSIC,rc206,1,3.0,1146.32,2155,5.442
CLASSIC,rc206,10,4.0,1089.34,2129,5.453
CLASSIC,rc206,2,4.0,1100.63,5142,5.536
CLASSIC,rc206,3,4.0,1118.92,3014,5.233
CLASSIC,rc206,4,4.0,1099.21,6333,5.79
CLASSIC,rc206,5,3.0,1204.63,15739,5.325
CLASSIC,rc206,6,4.0,1085.16,1227,5.444
CLASSIC,rc206,7,4.0,1091.42,6617,5.051
CLASSIC,rc206,8,4.0,1089.76,5071,5.174
CLASSIC,rc206,9,3.0,1146.32,2927,5.153
CLASSIC,rc207,1,4.0,1038.07,5835,6.108
CLASSIC,rc207,10,3.0,1061.14,7189,6.21
CLASSIC,rc207,2,4.0,1011.33,9972,6.799
CLASSIC,rc207,3,4.0,1022.82,3523,6.247
CLASSIC,rc207,4,4.0,1008.47,8183,5.85
CLASSIC,rc207,5,3.0,1089.72,2557,6.497
CLASSIC,rc207,6,4.0,1019.28,3140,6.178
CLASSIC,rc207,7,4.0,1028.74,6775,6.36
CLASSIC,rc207,8,4.0,1023.76,4417,6.182
CLASSIC,rc207,9,4.0,1032.36,8303,5.85
CLASSIC,rc208,1,3.0,828.877,6531,6.663
CLASSIC,rc208,10,3.0,841.51,7568,6.299
CLASSIC,rc208,2,3.0,866.265,4756,6.622
CLASSIC,rc208,3,3.0,829.695,4921,6.471
CLASSIC,rc208,4,3.0,829.695,5510,5.9
CLASSIC,rc208,5,3.0,841.515,1704,6.532
CLASSIC,rc208,6,3.0,834.654,5594,5.813
CLASSIC,rc208,7,3.0,847.344,6195,6.184
CLASSIC,rc208,8,3.0,830.46,2617,6.338
CLASSIC,rc208,9,3.0,839.689,7967,6.134
QLEARNING,c101,1,10.0,828.937,92,4.487
QLEARNING,c101,10,10.0,828.937,290,4.443
QLEARNING,c101,2,10.0,828.937,81,4.498
QLEARNING,c101,3,10.0,828.937,12,5.22
QLEARNING,c101,4,10.0,828.937,78,4.426
QLEARNING,c101,5,10.0,828.937,28,4.483
QLEARNING,c101,6,10.0,828.937,33,4.473
QLEARNING,c101,7,10.0,828.937,41,4.38
QLEARNING,c101,8,10.0,828.937,61,4.449
QLEARNING,c101,9,10.0,828.937,13,4.547
QLEARNING,c102,1,10.0,828.937,97,5.897
QLEARNING,c102,10,10.0,828.937,52,5.891
QLEARNING,c102,2,10.0,828.937,46,5.923
QLEARNING,c102,3,10.0,828.937,214,5.788
QLEARNING,c102,4,10.0,828.937,136,5.794
QLEARNING,c102,5,10.0,828.937,225,5.491
QLEARNING,c102,6,10.0,828.937,288,5.441
QLEARNING,c102,7,10.0,828.937,280,5.501
QLEARNING,c102,8,10.0,828.937,129,5.522
QLEARNING,c102,9,10.0,828.937,419,5.404
QLEARNING,c103,1,10.0,828.065,196,6.007
QLEARNING,c103,10,10.0,828.065,1205,6.003
QLEARNING,c103,2,10.0,828.065,245,6.006
QLEARNING,c103,3,10.0,828.065,1200,6.206
QLEARNING,c103,4,10.0,828.065,233,6.424
QLEARNING,c103,5,10.0,828.065,90,6.105
QLEARNING,c103,6,10.0,828.065,1542,6.246
QLEARNING,c103,7,10.0,828.065,902,6.202
QLEARNING,c103,8,10.0,828.065,622,6.592
QLEARNING,c103,9,10.0,828.065,736,5.934
QLEARNING,c104,1,10.0,824.777,7370,6.847
QLEARNING,c104,10,10.0,824.777,5172,6.36
QLEARNING,c104,2,10.0,824.777,3519,6.251
QLEARNING,c104,3,10.0,824.777,2055,6.244
QLEARNING,c104,4,10.0,824.777,2191,6.69
QLEARNING,c104,5,10.0,824.777,7871,6.817
QLEARNING,c104,6,10.0,824.777,6247,6.385
QLEARNING,c104,7,10.0,824.777,1796,6.592
QLEARNING,c104,8,10.0,824.777,7056,6.309
QLEARNING,c104,9,10.0,824.777,12867,7.004
QLEARNING,c105,1,10.0,828.937,88,4.879
QLEARNING,c105,10,10.0,828.937,58,4.906
QLEARNING,c105,2,10.0,828.937,109,5.069
QLEARNING,c105,3,10.0,828.937,65,4.893
QLEARNING,c105,4,10.0,828.937,173,4.74
QLEARNING,c105,5,10.0,828.937,58,4.671
QLEARNING,c105,6,10.0,828.937,47,5.182
QLEARNING,c105,7,10.0,828.937,80,4.644
QLEARNING,c105,8,10.0,828.937,22,4.928
QLEARNING,c105,9,10.0,828.937,106,5.057
QLEARNING,c106,1,10.0,828.937,45,5.498
QLEARNING,c106,10,10.0,828.937,171,5.448
QLEARNING,c106,2,10.0,828.937,161,5.524
QLEARNING,c106,3,10.0,828.937,155,4.961
QLEARNING,c106,4,10.0,828.937,90,5.077
QLEARNING,c106,5,10.0,828.937,69,5.493
QLEARNING,c106,6,10.0,828.937,39,5.471
QLEARNING,c106,7,10.0,828.937,43,5.223
QLEARNING,c106,8,10.0,828.937,148,5.111
QLEARNING,c106,9,10.0,828.937,14,5.528
QLEARNING,c107,1,10.0,828.937,110,5.063
QLEARNING,c107,10,10.0,828.937,445,5.244
QLEARNING,c107,2,10.0,828.937,143,4.891
QLEARNING,c107,3,10.0,828.937,243,5.154
QLEARNING,c107,4,10.0,828.937,233,5.265
QLEARNING,c107,5,10.0,828.937,116,5.218
QLEARNING,c107,6,10.0,828.937,147,4.862
QLEARNING,c107,7,10.0,828.937,186,5.29
QLEARNING,c107,8,10.0,828.937,194,4.798
QLEARNING,c107,9,10.0,828.937,268,4.931
QLEARNING,c108,1,10.0,828.937,208,5.826
QLEARNING,c108,10,10.0,828.937,137,5.907
QLEARNING,c108,2,10.0,828.937,297,5.749
QLEARNING,c108,3,10.0,828.937,108,5.773
QLEARNING,c108,4,10.0,828.937,207,5.695
QLEARNING,c108,5,10.0,828.937,884,5.756
QLEARNING,c108,6,10.0,828.937,236,5.995
QLEARNING,c108,7,10.0,828.937,252,5.695
QLEARNING,c108,8,10.0,828.937,445,6.215
QLEARNING,c108,9,10.0,828.937,206,5.858
QLEARNING,c109,1,10.0,828.937,538,6.292
QLEARNING,c109,10,10.0,828.937,2806,5.786
QLEARNING,c109,2,10.0,828.937,266,6.367
QLEARNING,c109,3,10.0,828.937,995,5.666
QLEARNING,c109,4,10.0,828.937,1090,6.158
QLEARNING,c109,5,10.0,828.937,708,5.826
QLEARNING,c109,6,10.0,828.937,1492,5.913
QLEARNING,c109,7,10.0,828.937,1259,6.007
QLEARNING,c109,8,10.0,828.937,1923,5.814
QLEARNING,c109,9,10.0,828.937,2672,5.641
QLEARNING,c201,1,3.0,591.557,8,5.005
QLEARNING,c201,10,3.0,591.557,24,4.987
QLEARNING,c201,2,3.0,591.557,11,4.945
QLEARNING,c201,3,3.0,591.557,39,5.114
QLEARNING,c201,4,3.0,591.557,50,5.277
QLEARNING,c201,5,3.0,591.557,14,5.399
QLEARNING,c201,6,3.0,591.557,16,4.882
QLEARNING,c201,7,3.0,591.557,36,5.402
QLEARNING,c201,8,3.0,591.557,14,5.055
QLEARNING,c201,9,3.0,591.557,146,4.852
QLEARNING,c202,1,3.0,591.557,19,6.376
QLEARNING,c202,10,3.0,591.557,31,5.824
QLEARNING,c202,2,3.0,591.557,40,6.43
QLEARNING,c202,3,3.0,591.557,530,6.116
QLEARNING,c202,4,3.0,591.557,66,6.438
QLEARNING,c202,5,3.0,591.557,53,6.089
QLEARNING,c202,6,3.0,591.557,377,5.908
QLEARNING,c202,7,3.0,591.557,13,5.943
QLEARNING,c202,8,3.0,591.557,14,5.906
QLEARNING,c202,9,3.0,591.557,40,5.88
QLEARNING,c203,1,3.0,591.173,41,6.7
QLEARNING,c203,10,3.0,591.173,861,6.837
QLEARNING,c203,2,3.0,591.173,35,6.422
QLEARNING,c203,3,3.0,591.173,228,6.478
QLEARNING,c203,4,3.0,591.173,179,6.357
QLEARNING,c203,5,3.0,591.173,195,6.845
QLEARNING,c203,6,3.0,591.173,230,6.338
QLEARNING,c203,7,3.0,591.173,31,6.442
QLEARNING,c203,8,3.0,591.173,176,6.549
QLEARNING,c203,9,3.0,591.173,78,6.436
QLEARNING,c204,1,3.0,590.599,15348,6.62
QLEARNING,c204,10,3.0,590.599,1593,6.582
QLEARNING,c204,2,3.0,590.599,2461,6.884
QLEARNING,c204,3,3.0,590.599,291,6.685
QLEARNING,c204,4,3.0,590.599,231,6.992
QLEARNING,c204,5,3.0,590.599,5779,7.037
QLEARNING,c204,6,3.0,590.599,4193,7.271
QLEARNING,c204,7,3.0,590.599,1897,6.912
QLEARNING,c204,8,3.0,590.599,5681,6.638
QLEARNING,c204,9,3.0,590.599,4549,6.671
QLEARNING,c205,1,3.0,588.876,502,4.893
QLEARNING,c205,10,3.0,588.876,44,4.867
QLEARNING,c205,2,3.0,588.876,61,5.028
QLEARNING,c205,3,3.0,588.876,44,4.733
QLEARNING,c205,4,3.0,588.876,80,4.665
QLEARNING,c205,5,3.0,588.876,53,4.598
QLEARNING,c205,6,3.0,588.876,216,4.692
QLEARNING,c205,7,3.0,588.876,120,4.584
QLEARNING,c205,8,3.0,588.876,927,4.604
QLEARNING,c205,9,3.0,588.876,16,4.915
QLEARNING,c206,1,3.0,588.493,54,4.743
QLEARNING,c206,10,3.0,588.493,17,5.122
QLEARNING,c206,2,3.0,588.493,46,4.682
QLEARNING,c206,3,3.0,588.493,44,4.9
QLEARNING,c206,4,3.0,588.493,42,4.667
QLEARNING,c206,5,3.0,588.493,90,4.86
QLEARNING,c206,6,3.0,588.493,64,4.669
QLEARNING,c206,7,3.0,588.493,40,4.77
QLEARNING,c206,8,3.0,588.493,496,4.876
QLEARNING,c206,9,3.0,588.493,75,4.874
QLEARNING,c207,1,3.0,588.286,31,4.802
QLEARNING,c207,10,3.0,588.286,16,4.803
QLEARNING,c207,2,3.0,588.286,156,4.868
QLEARNING,c207,3,3.0,588.286,187,4.857
QLEARNING,c207,4,3.0,588.286,240,5.2
QLEARNING,c207,5,3.0,588.286,146,4.897
QLEARNING,c207,6,3.0,588.286,71,5.145
QLEARNING,c207,7,3.0,588.286,88,4.88
QLEARNING,c207,8,3.0,588.286,180,5.005
QLEARNING,c207,9,3.0,588.286,1055,4.774
QLEARNING,c208,1,3.0,588.324,225,4.948
QLEARNING,c208,10,3.0,588.324,29,4.644
QLEARNING,c208,2,3.0,588.324,29,4.658
QLEARNING,c208,3,3.0,588.324,67,4.652
QLEARNING,c208,4,3.0,588.324,83,4.707
QLEARNING,c208,5,3.0,588.324,42,4.636
QLEARNING,c208,6,3.0,588.324,31,4.675
QLEARNING,c208,7,3.0,588.324,192,5.087
QLEARNING,c208,8,3.0,588.324,42,4.852
QLEARNING,c208,9,3.0,588.324,85,4.645
QLEARNING,r101,1,19.0,1654.38,19345,6.599
QLEARNING,r101,10,19.0,1651.47,23463,6.073
QLEARNING,r101,2,19.0,1651.32,16014,6.302
QLEARNING,r101,3,19.0,1651.01,22955,6.627
QLEARNING,r101,4,19.0,1653.09,23368,6.089
QLEARNING,r101,5,19.0,1652.17,24490,6.1
QLEARNING,r101,6,19.0,1651.06,24760,6.496
QLEARNING,r101,7,19.0,1653.6,11979,6.31
QLEARNING,r101,8,19.0,1651.32,23501,6.103
QLEARNING,r101,9,19.0,1652.47,16685,6.234
QLEARNING,r102,1,17.0,1487.31,21703,7.608
QLEARNING,r102,10,17.0,1489.07,12850,7.884
QLEARNING,r102,2,17.0,1487.31,21317,7.937
QLEARNING,r102,3,17.0,1486.12,20311,7.952
QLEARNING,r102,4,17.0,1487.31,18793,7.439
QLEARNING,r102,5,17.0,1488.61,16804,7.817
QLEARNING,r102,6,17.0,1488.51,19846,7.704
QLEARNING,r102,7,17.0,1487.31,23972,7.434
QLEARNING,r102,8,17.0,1486.95,20918,7.902
QLEARNING,r102,9,17.0,1487.68,15761,7.41
QLEARNING,r103,1,13.0,1301.48,24698,7.305
QLEARNING,r103,10,14.0,1213.73,16886,7.428
QLEARNING,r103,2,14.0,1213.73,24440,7.477
QLEARNING,r103,3,14.0,1213.62,15727,7.461
QLEARNING,r103,4,14.0,1213.62,15002,7.426
QLEARNING,r103,5,14.0,1213.73,21079,7.418
QLEARNING,r103,6,14.0,1213.62,15525,8.118
QLEARNING,r103,7,14.0,1213.62,22035,7.37
QLEARNING,r103,8,13.0,1295.57,18030,7.253
QLEARNING,r103,9,14.0,1213.62,20807,7.483
QLEARNING,r104,1,10.0,992.447,9258,7.069
QLEARNING,r104,10,10.0,982.547,20685,8.025
QLEARNING,r104,2,10.0,981.232,16371,7.12
QLEARNING,r104,3,10.0,986.025,21734,7.021
QLEARNING,r104,4,10.0,986.718,16870,7.451
QLEARNING,r104,5,10.0,981.232,22849,7.321
QLEARNING,r104,6,10.0,988.501,11938,7.634
QLEARNING,r104,7,10.0,981.232,14360,7.828
QLEARNING,r104,8,10.0,981.232,20631,7.604
QLEARNING,r104,9,10.0,982.547,24535,7.677
QLEARNING,r105,1,14.0,1388.63,16981,6.24
QLEARNING,r105,10,14.0,1377.63,15439,5.919
QLEARNING,r105,2,14.0,1385.79,23993,6.162
QLEARNING,r105,3,14.0,1381.37,19016,5.939
QLEARNING,r105,4,14.0,1377.33,11954,6.145
QLEARNING,r105,5,14.0,1385.79,21316,6.153
QLEARNING,r105,6,14.0,1377.11,18670,6.271
QLEARNING,r105,7,14.0,1377.63,10935,5.88
QLEARNING,r105,8,14.0,1377.11,23498,6.103
QLEARNING,r105,9,14.0,1387.14,17895,6.368
QLEARNING,r106,1,12.0,1264.81,14676,7.939
QLEARNING,r106,10,12.0,1260.57,7156,8.098
QLEARNING,r106,2,12.0,1262.54,3655,7.025
QLEARNING,r106,3,12.0,1260.85,9851,7.386
QLEARNING,r106,4,12.0,1262.86,14160,7.182
QLEARNING,r106,5,12.0,1262.86,22333,7.175
QLEARNING,r106,6,12.0,1262.53,19658,7.548
QLEARNING,r106,7,12.0,1262.25,17919,7.539
QLEARNING,r106,8,12.0,1263.47,20395,7.812
QLEARNING,r106,9,12.0,1262.86,16711,7.367
QLEARNING,r107,1,11.0,1078.3,16743,6.859
QLEARNING,r107,10,11.0,1075.21,22702,7.292
QLEARNING,r107,2,11.0,1075.3,21404,7.539
QLEARNING,r107,3,11.0,1074.24,20079,7.296
QLEARNING,r107,4,11.0,1076.92,17425,7.384
QLEARNING,r107,5,11.0,1073.01,23833,7.09
QLEARNING,r107,6,11.0,1078.21,22480,7.522
QLEARNING,r107,7,11.0,1076.6,18494,7.064
QLEARNING,r107,8,11.0,1076.7,24839,7.45
QLEARNING,r107,9,11.0,1086.51,10837,7.089
QLEARNING,r108,1,10.0,941.077,23846,6.885
QLEARNING,r108,10,10.0,944.441,19210,7.386
QLEARNING,r108,2,10.0,942.942,19800,7.434
QLEARNING,r108,3,10.0,944.498,17961,6.965
QLEARNING,r108,4,10.0,949.904,15523,6.927
QLEARNING,r108,5,10.0,945.586,16707,7.794
QLEARNING,r108,6,10.0,946.422,19926,7.466
QLEARNING,r108,7,10.0,950.529,16708,7.039
QLEARNING,r108,8,10.0,945.64,24694,7.249
QLEARNING,r108,9,9.0,964.669,22388,7.406
QLEARNING,r109,1,12.0,1153.52,14944,6.251
QLEARNING,r109,10,12.0,1155.72,16800,5.998
QLEARNING,r109,2,12.0,1155.72,18901,6.314
QLEARNING,r109,3,12.0,1153.52,21331,6.008
QLEARNING,r109,4,12.0,1154.04,15828,5.697
QLEARNING,r109,5,12.0,1153.52,15301,5.825
QLEARNING,r109,6,12.0,1154.04,21340,6.281
QLEARNING,r109,7,12.0,1153.89,20763,6.032
QLEARNING,r109,8,12.0,1153.52,17489,6.297
QLEARNING,r109,9,12.0,1154.55,20521,5.829
QLEARNING,r110,1,11.0,1106.44,7226,6.871
QLEARNING,r110,10,11.0,1086.56,23589,7.685
QLEARNING,r110,2,11.0,1084.88,23401,7.039
QLEARNING,r110,3,11.0,1100.2,17296,7.384
QLEARNING,r110,4,11.0,1082.8,18278,7.495
QLEARNING,r110,5,11.0,1080.64,19477,6.808
QLEARNING,r110,6,11.0,1090.07,24638,7.426
QLEARNING,r110,7,11.0,1098.67,19289,6.837
QLEARNING,r110,8,11.0,1095.03,12392,7.623
QLEARNING,r110,9,11.0,1083.71,17753,6.827
QLEARNING,r111,1,11.0,1054.23,18687,7.5
QLEARNING,r111,10,11.0,1054.54,18832,7.536
QLEARNING,r111,2,11.0,1054.23,22870,7.646
QLEARNING,r111,3,11.0,1054.23,22034,7.838
QLEARNING,r111,4,11.0,1054.23,22230,7.008
QLEARNING,r111,5,11.0,1054.23,22567,7.008
QLEARNING,r111,6,11.0,1054.23,22188,7.688
QLEARNING,r111,7,11.0,1054.23,23134,7.585
QLEARNING,r111,8,11.0,1054.22,19271,7.022
QLEARNING,r111,9,11.0,1054.53,22651,7.007
QLEARNING,r112,1,10.0,957.009,12728,7.041
QLEARNING,r112,10,10.0,955.746,20119,7.672
QLEARNING,r112,2,10.0,963.142,18937,7.749
QLEARNING,r112,3,10.0,964.058,13434,7.742
QLEARNING,r112,4,10.0,961.976,16740,7.107
QLEARNING,r112,5,10.0,953.684,24355,7.708
QLEARNING,r112,6,10.0,973.789,15933,7.721
QLEARNING,r112,7,10.0,960.824,18153,8.069
QLEARNING,r112,8,10.0,964.952,20144,7.475
QLEARNING,r112,9,10.0,964.636,20662,7.038
QLEARNING,r201,1,4.0,1254.69,12835,5.654
QLEARNING,r201,10,4.0,1261.58,13111,5.631
QLEARNING,r201,2,4.0,1253.23,10383,5.263
QLEARNING,r201,3,4.0,1268.99,20224,5.183
QLEARNING,r201,4,4.0,1258.79,20899,5.401
QLEARNING,r201,5,4.0,1253.23,16251,5.251
QLEARNING,r201,6,4.0,1269.8,17576,5.436
QLEARNING,r201,7,4.0,1254.72,14475,5.651
QLEARNING,r201,8,4.0,1263.04,12747,5.605
QLEARNING,r201,9,4.0,1253.02,9586,5.187
QLEARNING,r202,1,4.0,1087.81,14086,6.061
QLEARNING,r202,10,4.0,1082.46,11801,6.129
QLEARNING,r202,2,4.0,1085.88,8327,6.241
QLEARNING,r202,3,4.0,1082.46,17669,6.011
QLEARNING,r202,4,4.0,1081.82,9034,6.153
QLEARNING,r202,5,4.0,1081.32,7618,6.028
QLEARNING,r202,6,4.0,1080.82,21658,6.281
QLEARNING,r202,7,4.0,1081.32,9147,6.312
QLEARNING,r202,8,4.0,1081.6,6007,6.145
QLEARNING,r202,9,4.0,1083.87,16865,6.414
QLEARNING,r203,1,3.0,952.381,9824,6.948
QLEARNING,r203,10,3.0,947.991,7276,6.45
QLEARNING,r203,2,3.0,950.571,9145,6.875
QLEARNING,r203,3,3.0,942.855,12024,6.31
QLEARNING,r203,4,3.0,943.843,1845,6.972
QLEARNING,r203,5,3.0,951.571,1671,6.634
QLEARNING,r203,6,3.0,942.855,11268,6.363
QLEARNING,r203,7,3.0,942.855,15201,6.473
QLEARNING,r203,8,3.0,958.034,20496,6.43
QLEARNING,r203,9,3.0,952.381,7024,7.208
QLEARNING,r204,1,3.0,760.458,2541,6.722
QLEARNING,r204,10,3.0,764.951,6927,6.701
QLEARNING,r204,2,3.0,757.117,14249,6.603
QLEARNING,r204,3,3.0,752.615,7072,6.868
QLEARNING,r204,4,3.0,757.191,9939,7.221
QLEARNING,r204,5,3.0,750.548,7433,6.517
QLEARNING,r204,6,3.0,763.161,2929,6.566
QLEARNING,r204,7,3.0,751.073,24812,6.85
QLEARNING,r204,8,3.0,752.056,18392,6.771
QLEARNING,r204,9,3.0,761.312,7222,6.843
QLEARNING,r205,1,3.0,1034.62,13042,5.273
QLEARNING,r205,10,3.0,1035.21,7582,5.462
QLEARNING,r205,2,3.0,1001.93,19970,5.882
QLEARNING,r205,3,3.0,1030.14,15517,5.831
QLEARNING,r205,4,3.0,1035.21,9844,5.728
QLEARNING,r205,5,3.0,1034.37,14245,5.755
QLEARNING,r205,6,3.0,1035.72,4149,5.649
QLEARNING,r205,7,3.0,1030.13,7337,5.445
QLEARNING,r205,8,3.0,994.428,13789,5.83
QLEARNING,r205,9,3.0,1038.5,8161,5.455
QLEARNING,r206,1,3.0,912.404,11648,6.58
QLEARNING,r206,10,3.0,931.882,4803,6.765
QLEARNING,r206,2,3.0,925.529,9343,6.097
QLEARNING,r206,3,3.0,915.216,13528,6.764
QLEARNING,r206,4,3.0,912.754,5468,6.797
QLEARNING,r206,5,3.0,912.019,13656,5.967
QLEARNING,r206,6,3.0,913.299,13144,6.077
QLEARNING,r206,7,3.0,912.549,6746,6.535
QLEARNING,r206,8,3.0,926.756,23408,5.869
QLEARNING,r206,9,3.0,914.755,2780,6.737
QLEARNING,r207,1,3.0,812.755,10544,7.228
QLEARNING,r207,10,3.0,812.755,8644,6.517
QLEARNING,r207,2,3.0,811.506,22808,6.452
QLEARNING,r207,3,3.0,827.698,22668,6.608
QLEARNING,r207,4,3.0,823.289,6542,6.555
QLEARNING,r207,5,3.0,834.703,1925,7.388
QLEARNING,r207,6,3.0,834.768,12329,6.638
QLEARNING,r207,7,3.0,811.506,11821,6.444
QLEARNING,r207,8,3.0,812.755,9877,6.591
QLEARNING,r207,9,3.0,815.61,2139,6.349
QLEARNING,r208,1,2.0,741.716,6996,6.526
QLEARNING,r208,10,2.0,748.472,17688,6.748
QLEARNING,r208,2,2.0,726.823,8386,6.656
QLEARNING,r208,3,2.0,744.43,7662,7.292
QLEARNING,r208,4,2.0,742.611,14584,6.956
QLEARNING,r208,5,2.0,727.264,9948,7.065
QLEARNING,r208,6,2.0,730.872,2074,6.662
QLEARNING,r208,7,2.0,726.823,6624,6.598
QLEARNING,r208,8,2.0,727.644,5305,7.168
QLEARNING,r208,9,2.0,735.202,11084,6.632
QLEARNING,r209,1,3.0,930.899,11759,6.585
QLEARNING,r209,10,3.0,930.931,6481,6.719
QLEARNING,r209,2,3.0,928.588,17535,6.634
QLEARNING,r209,3,3.0,918.815,11891,6.574
QLEARNING,r209,4,3.0,940.085,12406,6.195
QLEARNING,r209,5,3.0,923.536,13055,5.851
QLEARNING,r209,6,3.0,909.657,18124,6.027
QLEARNING,r209,7,3.0,931.813,9724,6.707
QLEARNING,r209,8,3.0,938.007,15373,6.859
QLEARNING,r209,9,3.0,922.998,12851,6.647
QLEARNING,r210,1,3.0,963.86,11735,6.048
QLEARNING,r210,10,3.0,964.642,5220,6.631
QLEARNING,r210,2,3.0,959.818,6572,6.398
QLEARNING,r210,3,3.0,964.277,5201,6.498
QLEARNING,r210,4,3.0,961.255,11658,6.519
QLEARNING,r210,5,3.0,954.121,20056,6.466
QLEARNING,r210,6,3.0,951.564,8644,7.096
QLEARNING,r210,7,3.0,961.255,18433,6.551
QLEARNING,r210,8,3.0,957.816,13294,6.898
QLEARNING,r210,9,3.0,962.6,3422,6.594
QLEARNING,r211,1,3.0,772.069,17909,6.449
QLEARNING,r211,10,3.0,773.909,20242,6.726
QLEARNING,r211,2,3.0,767.818,15154,6.69
QLEARNING,r211,3,3.0,791.672,8803,6.642
QLEARNING,r211,4,3.0,773.927,19635,6.635
QLEARNING,r211,5,3.0,779.056,9224,6.854
QLEARNING,r211,6,3.0,792.742,3155,6.487
QLEARNING,r211,7,3.0,792.76,12825,6.54
QLEARNING,r211,8,3.0,792.567,8743,6.912
QLEARNING,r211,9,3.0,793.366,17957,6.738
QLEARNING,rc101,1,15.0,1623.58,18110,6.116
QLEARNING,rc101,10,15.0,1689.18,15758,5.733
QLEARNING,rc101,2,15.0,1642.97,4307,5.928
QLEARNING,rc101,3,15.0,1631.34,16574,6.027
QLEARNING,rc101,4,15.0,1642.35,13847,5.553
QLEARNING,rc101,5,15.0,1631.34,12292,5.972
QLEARNING,rc101,6,15.0,1631.34,20683,6.375
QLEARNING,rc101,7,15.0,1636.5,20708,6.073
QLEARNING,rc101,8,15.0,1631.34,14244,6.239
QLEARNING,rc101,9,15.0,1631.34,16880,6.093
QLEARNING,rc102,1,13.0,1484.97,20446,6.929
QLEARNING,rc102,10,13.0,1491.07,17755,7.22
QLEARNING,rc102,2,13.0,1484.97,18750,6.837
QLEARNING,rc102,3,13.0,1506.48,8180,6.459
QLEARNING,rc102,4,13.0,1485.06,17997,7.085
QLEARNING,rc102,5,13.0,1477.64,16129,6.658
QLEARNING,rc102,6,13.0,1497.01,11031,7.231
QLEARNING,rc102,7,13.0,1485.06,10880,6.886
QLEARNING,rc102,8,13.0,1506.88,10311,7.064
QLEARNING,rc102,9,13.0,1484.97,23922,6.6
QLEARNING,rc103,1,11.0,1274.85,24468,7.642
QLEARNING,rc103,10,11.0,1271.28,12904,7.607
QLEARNING,rc103,2,11.0,1266.14,20198,7.425
QLEARNING,rc103,3,11.0,1263.54,16497,7.429
QLEARNING,rc103,4,11.0,1265.8,22875,8.359
QLEARNING,rc103,5,11.0,1283.54,3514,7.462
QLEARNING,rc103,6,11.0,1264.34,9884,7.557
QLEARNING,rc103,7,11.0,1275.42,15089,7.333
QLEARNING,rc103,8,11.0,1314.76,13301,7.435
QLEARNING,rc103,9,11.0,1291.66,8159,7.239
QLEARNING,rc104,1,10.0,1143.98,8329,6.653
QLEARNING,rc104,10,10.0,1140.33,24080,6.836
QLEARNING,rc104,2,10.0,1135.83,20040,7.094
QLEARNING,rc104,3,10.0,1137.38,24181,7.129
QLEARNING,rc104,4,10.0,1160.55,19665,6.828
QLEARNING,rc104,5,10.0,1146.48,12913,7.509
QLEARNING,rc104,6,10.0,1159.44,23590,6.658
QLEARNING,rc104,7,10.0,1137.58,23306,6.914
QLEARNING,rc104,8,10.0,1136.29,22640,6.972
QLEARNING,rc104,9,10.0,1135.83,20211,6.558
QLEARNING,rc105,1,14.0,1552.05,22194,6.452
QLEARNING,rc105,10,14.0,1548.51,11452,6.377
QLEARNING,rc105,2,14.0,1542.27,18996,6.709
QLEARNING,rc105,3,14.0,1542.27,19001,6.346
QLEARNING,rc105,4,14.0,1542.27,16136,6.192
QLEARNING,rc105,5,14.0,1542.27,17805,6.028
QLEARNING,rc105,6,14.0,1540.18,22361,6.945
QLEARNING,rc105,7,14.0,1542.27,17523,6.471
QLEARNING,rc105,8,14.0,1542.53,11549,7.255
QLEARNING,rc105,9,14.0,1543.55,11501,6.307
QLEARNING,rc106,1,12.0,1398.38,14381,5.971
QLEARNING,rc106,10,12.0,1386.36,21434,5.696
QLEARNING,rc106,2,12.0,1384.94,15252,5.772
QLEARNING,rc106,3,12.0,1385.92,19567,6.512
QLEARNING,rc106,4,12.0,1391.96,24383,5.886
QLEARNING,rc106,5,12.0,1385.92,16753,5.954
QLEARNING,rc106,6,12.0,1419.04,8727,6.519
QLEARNING,rc106,7,12.0,1385.92,20965,6.474
QLEARNING,rc106,8,12.0,1394.57,22452,5.77
QLEARNING,rc106,9,12.0,1392.99,13318,6.244
QLEARNING,rc107,1,11.0,1243.67,17177,7.109
QLEARNING,rc107,10,11.0,1256.91,13138,6.403
QLEARNING,rc107,2,11.0,1256.37,21560,7.279
QLEARNING,rc107,3,11.0,1242.25,17900,7.052
QLEARNING,rc107,4,11.0,1247.35,24909,6.573
QLEARNING,rc107,5,11.0,1250.42,22759,6.56
QLEARNING,rc107,6,12.0,1244.51,9660,7.239
QLEARNING,rc107,7,11.0,1257.61,16336,7.036
QLEARNING,rc107,8,11.0,1255.88,13857,7.319
QLEARNING,rc107,9,11.0,1249.38,19045,6.718
QLEARNING,rc108,1,11.0,1117.53,22353,6.946
QLEARNING,rc108,10,10.0,1160.54,22248,6.305
QLEARNING,rc108,2,10.0,1146.66,24534,7.003
QLEARNING,rc108,3,11.0,1136.14,13315,6.645
QLEARNING,rc108,4,10.0,1155.22,22253,7.067
QLEARNING,rc108,5,10.0,1151.07,23817,6.771
QLEARNING,rc108,6,10.0,1151.44,24106,7.379
QLEARNING,rc108,7,11.0,1137.41,15532,6.952
QLEARNING,rc108,8,11.0,1135.97,12341,7.046
QLEARNING,rc108,9,11.0,1134.85,16170,7.087
QLEARNING,rc201,1,4.0,1437.18,4594,5.471
QLEARNING,rc201,10,4.0,1452.21,15547,5.412
QLEARNING,rc201,2,4.0,1414.47,12741,5.488
QLEARNING,rc201,3,4.0,1429.48,19919,5.25
QLEARNING,rc201,4,4.0,1445.78,15010,5.566
QLEARNING,rc201,5,4.0,1412.45,24095,5.541
QLEARNING,rc201,6,4.0,1439.16,6474,5.279
QLEARNING,rc201,7,4.0,1421.44,12192,5.132
QLEARNING,rc201,8,4.0,1428.11,9802,5.796
QLEARNING,rc201,9,4.0,1436.93,3738,5.415
QLEARNING,rc202,1,4.0,1172.31,13447,6.03
QLEARNING,rc202,10,4.0,1178.79,13951,5.933
QLEARNING,rc202,2,4.0,1162.8,18024,6.254
QLEARNING,rc202,3,4.0,1191.82,1080,6.078
QLEARNING,rc202,4,4.0,1183.8,7235,5.772
QLEARNING,rc202,5,4.0,1184.38,4685,5.819
QLEARNING,rc202,6,4.0,1173.03,9238,6.006
QLEARNING,rc202,7,4.0,1161.29,8389,6.03
QLEARNING,rc202,8,4.0,1176.99,8290,5.948
QLEARNING,rc202,9,4.0,1182.84,15042,6.051
QLEARNING,rc203,1,3.0,1087.89,4195,6.523
QLEARNING,rc203,10,3.0,1075.83,23551,7.259
QLEARNING,rc203,2,3.0,1051.82,11758,6.633
QLEARNING,rc203,3,3.0,1094.48,8757,7.154
QLEARNING,rc203,4,3.0,1061.13,4888,7.037
QLEARNING,rc203,5,3.0,1071.26,7676,6.373
QLEARNING,rc203,6,3.0,1051.82,13303,6.841
QLEARNING,rc203,7,3.0,1054.76,23325,6.708
QLEARNING,rc203,8,3.0,1074.2,7496,6.927
QLEARNING,rc203,9,3.0,1089.22,8715,6.247
QLEARNING,rc204,1,3.0,807.56,3408,6.686
QLEARNING,rc204,10,3.0,803.774,6675,6.581
QLEARNING,rc204,2,3.0,844.924,8809,6.714
QLEARNING,rc204,3,3.0,803.999,2973,6.975
QLEARNING,rc204,4,3.0,803.174,993,6.676
QLEARNING,rc204,5,3.0,802.369,971,6.856
QLEARNING,rc204,6,3.0,798.464,20949,6.484
QLEARNING,rc204,7,3.0,816.327,8043,6.378
QLEARNING,rc204,8,3.0,798.507,13680,6.379
QLEARNING,rc204,9,3.0,803.774,6722,7.056
QLEARNING,rc205,1,4.0,1338.78,16344,5.928
QLEARNING,rc205,10,4.0,1345.33,2610,5.598
QLEARNING,rc205,2,4.0,1333.29,17004,6.081
QLEARNING,rc205,3,4.0,1327.84,15463,6.29
QLEARNING,rc205,4,4.0,1338.78,17648,6.102
QLEARNING,rc205,5,4.0,1325.04,7247,6.445
QLEARNING,rc205,6,4.0,1324.62,21747,6.337
QLEARNING,rc205,7,4.0,1358.33,1699,6.084
QLEARNING,rc205,8,4.0,1313.39,5438,5.927
QLEARNING,rc205,9,4.0,1313.87,18711,5.889
QLEARNING,rc206,1,3.0,1191.62,13574,6.056
QLEARNING,rc206,10,3.0,1161.28,19093,5.684
QLEARNING,rc206,2,3.0,1161.28,10084,5.606
QLEARNING,rc206,3,3.0,1146.32,4069,6.031
QLEARNING,rc206,4,3.0,1161.28,5011,5.544
QLEARNING,rc206,5,3.0,1161.28,14317,6.194
QLEARNING,rc206,6,4.0,1091.93,1743,5.528
QLEARNING,rc206,7,3.0,1177.3,22436,6.407
QLEARNING,rc206,8,3.0,1217.03,11228,5.498
QLEARNING,rc206,9,3.0,1169.34,17399,6.004
QLEARNING,rc207,1,3.0,1106.76,11305,6.637
QLEARNING,rc207,10,3.0,1061.14,20796,6.404
QLEARNING,rc207,2,3.0,1069.09,13953,6.17
QLEARNING,rc207,3,4.0,1021.84,11186,6.824
QLEARNING,rc207,4,3.0,1097.57,11981,7.008
QLEARNING,rc207,5,3.0,1102.61,21898,6.586
QLEARNING,rc207,6,3.0,1107.8,6155,6.861
QLEARNING,rc207,7,4.0,1020.71,6966,6.399
QLEARNING,rc207,8,4.0,1014.17,10236,6.277
QLEARNING,rc207,9,3.0,1086.88,17359,6.673
QLEARNING,rc208,1,3.0,829.695,12885,6.859
QLEARNING,rc208,10,3.0,832.529,7122,6.629
QLEARNING,rc208,2,3.0,832.361,6902,7.113
QLEARNING,rc208,3,3.0,857.295,15632,6.762
QLEARNING,rc208,4,3.0,828.441,17346,6.683
QLEARNING,rc208,5,3.0,837.944,5173,6.514
QLEARNING,rc208,6,3.0,829.695,24243,6.512
QLEARNING,rc208,7,3.0,862.889,4172,7.157
QLEARNING,rc208,8,3.0,829.695,5572,7.106
QLEARNING,rc208,9,3.0,833.975,16389,7.144
